Title,Short_Title,Link,Sale_Price,Original_Price,Reviews,Discount (%)
"2020 Apple MacBook Pro with Apple M1 Chip (13-inch, 8GB RAM, 256GB SSD) - Space Grey",2020 Apple MacBook Pro with Ap,/Apple-MacBook-Chip-13-inch-256GB/dp/B08N5MWPY6/ref=sr_1_1?keywords=macbook+pro+m1&qid=1641921610&sr=8-1,0,0,0,
"New Apple MacBook Pro with Apple M1 Chip (13-inch, 8GB RAM, 512GB SSD) - Space Grey (Latest Model)",New Apple MacBook Pro with App,/Apple-MacBook-Chip-13-inch-512GB/dp/B08N5QM9MS/ref=sr_1_2?keywords=macbook+pro+m1&qid=1641921610&sr=8-2,0,0,351,
16-inch M1 Max Mac Book Pro Space Grey 10-Core CPU 32-Core GPU 32GB RAM 2TB SSD Deecies Limited Laptop Pro,16-inch M1 Max Mac Book Pro Sp,/16-inch-10-Core-32-Core-Deecies-Limited/dp/B09LMFDRJC/ref=sr_1_3?keywords=macbook+pro+m1&qid=1641921610&sr=8-3,0,0,0,
13-inch M1 Mac Book Pro Space Grey 8-Core 16GB RAM 512GB SSD Deecies Limited Laptop Pro,13-inch M1 Mac Book Pro Space ,/13-inch-8-Core-Deecies-Limited-Laptop/dp/B08ZNS26VV/ref=sr_1_4?keywords=macbook+pro+m1&qid=1641921610&sr=8-4,0,0,3,
13-inch M1 Mac Book Pro Space Grey 8-Core 16GB 1TB SSD Deecies Limited Laptop Pro,13-inch M1 Mac Book Pro Space ,/13-inch-8-Core-Deecies-Limited-Laptop/dp/B08ZNSVRKG/ref=sr_1_5?keywords=macbook+pro+m1&qid=1641921610&sr=8-5,0,0,4,
16-inch M1 Max Mac Book Pro Space Grey 10-Core CPU 32-Core GPU 32GB RAM 1TB SSD Deecies Limited Laptop Pro,16-inch M1 Max Mac Book Pro Sp,/16-inch-10-Core-32-Core-Deecies-Limited/dp/B09LHY6S24/ref=sr_1_6?keywords=macbook+pro+m1&qid=1641921610&sr=8-6,0,0,0,
"2020 Apple MacBook Air Laptop: Apple M1 Chip, 13” Retina Display, 8GB RAM, 256GB SSD Storage, Backlit Keyboard, FaceTime HD Camera, Touch ID; Silver",2020 Apple MacBook Air Laptop:,/Apple-MacBook-Chip-13-inch-256GB/dp/B08N5NMHM3/ref=sr_1_7?keywords=macbook+pro+m1&qid=1641921610&sr=8-7,889,999,0,11.01101101
"2018 Apple MacBook Pro with 2.3GHz Intel Core i5 (13"", 8GB RAM, 256GB SSD Storage) - Space Grey (Renewed)",2018 Apple MacBook Pro with 2.,/Apple-MacBook-Pro-13-3-Inch-Laptop/dp/B07HFDQP1Y/ref=sr_1_8?keywords=macbook+pro+m1&qid=1641921610&sr=8-8,834.99,834.99,3,0
"Mid 2014 Apple MacBook Pro 13"" - Core i5 2.6GHz, 8GB RAM, 256GB SSD - Silver (Renewed)","Mid 2014 Apple MacBook Pro 13""",/Apple-MacBook-Pro-Mid-2014/dp/B07RLVM6MF/ref=sr_1_9?keywords=macbook+pro+m1&qid=1641921610&sr=8-9,448,448,2,0
"Apple MacBook Pro 13 (Retina Late 2012) - Core i5 2.5GHz, 8GB RAM, 128GB SSD (Renewed)",Apple MacBook Pro 13 (Retina L,/Apple-MacBook-Retina-Late-2012/dp/B07JX52HNH/ref=sr_1_10?keywords=macbook+pro+m1&qid=1641921610&sr=8-10,346.95,346.95,6,0
"Early 2015 Apple MacBook Pro with 2.9 GHz Intel Core i5 (13 inch, 8GB RAM, 512GB SSD) Silver (Renewed)",Early 2015 Apple MacBook Pro w,/Apple-MacBook-Pro-Early-2015/dp/B07RGRS6QB/ref=sr_1_11?keywords=macbook+pro+m1&qid=1641921610&sr=8-11,499.99,499.99,18,0
"2014 Apple MacBook Pro with 2.2GHz Core i7 (15.4-inch, 16GB RAM, 256GB SSD) Silver (Renewed)",2014 Apple MacBook Pro with 2.,/Apple-MacBook-15-inch-Laptop-Intel/dp/B07GT5JS8X/ref=sr_1_12?keywords=macbook+pro+m1&qid=1641921610&sr=8-12,587,587,10,0
"Apple MacBook Pro 13"" (Late 2016/Touch) - Core i5 2.9GHz, 8GB RAM, 256GB SSD - Silver (Renewed)","Apple MacBook Pro 13"" (Late 20",/Apple-MacBook-Late-2016-Touch/dp/B0842VHBC6/ref=sr_1_13?keywords=macbook+pro+m1&qid=1641921610&sr=8-13,675,675,1,0
"Apple MacBook Air (13-inch, Latest Model, 8GB RAM, 256GB Storage, 1.6GHz Intel Core i5) - Gold (Renewed)","Apple MacBook Air (13-inch, La",/Apple-MacBook-13-inch-Storage-Intel%C3%82-Core/dp/B084T4PPHP/ref=sr_1_14?keywords=macbook+pro+m1&qid=1641921610&sr=8-14,710,710,18,0
"Early 2015 Apple MacBook Air with 1.6 GHz Intel Core i5 (13.3-inch, 8GB RAM, 256GB SSD) Silver (Renewed)",Early 2015 Apple MacBook Air w,/Apple-MacBook-Inc-Early-2015/dp/B082MQNN3R/ref=sr_1_15?keywords=macbook+pro+m1&qid=1641921610&sr=8-15,359.99,359.99,1,0
"Apple MacBook Pro 15in (Early 2013) - Core i7 2.7GHz, 16GB RAM, 512GB SSD (Renewed)",Apple MacBook Pro 15in (Early ,/Apple-MacBook-Pro-Early-2013/dp/B07FK4PRLC/ref=sr_1_16?keywords=macbook+pro+m1&qid=1641921610&sr=8-16,627,627,8,0
"Apple MacBook Pro (13-inch Retina, Touch Bar, 2.3GHz Quad-Core Intel Core i5, 8GB RAM, 256GB SSD) - Silver (Latest Model) (Refurbished)",Apple MacBook Pro (13-inch Ret,/Apple-MacBook-13-inch-Retina-Quad-Core/dp/B07RN9PNC4/ref=sr_1_17?keywords=macbook+pro+m1&qid=1641921616&sr=8-17,745,745,6,0
"Apple MacBook Air 13in (Early 2015) - Core i7 2.2GHz, 8GB RAM, 500GB SSD (Renewed)",Apple MacBook Air 13in (Early ,/Apple-MacBook-Tastiera-MJVE2LL-Refurbished/dp/B07KLZ1NXV/ref=sr_1_18?keywords=macbook+pro+m1&qid=1641921616&sr=8-18,449,449,4,0
"Mid-2017 Apple MacBook Pro with 2.3 GHz Intel Core i5 (13-inch, 8 GB RAM, 256 GB SSD) - Space Gray (Renewed)",Mid-2017 Apple MacBook Pro wit,/Apple-MacBook-Pro-Mid-2017/dp/B08297629K/ref=sr_1_19?keywords=macbook+pro+m1&qid=1641921616&sr=8-19,638,638,4,0
"CHUWI AeroBook Pro 13.3 Inch Laptop, 8GB RAM 256GB SSD Intel Core M3-8100Y Processor Up to 3.4GHZ, FHD 1920x1080 IPS Display, Support 4K Video Decoding, 2.4G/5G WiFi USB 3.0, HDMI Type-C,Bluetooth",CHUWI AeroBook Pro 13.3 Inch L,/CHUWI-Aerobook-Intel-i5-6287U-Supports/dp/B08BLHCP2X/ref=sr_1_20?keywords=macbook+pro+m1&qid=1641921616&sr=8-20,0,0,21,
"14.1"" Full HD Windows 10 Laptop - 4GB RAM, T90B+ Pro Model Lapbook, Intel 64-bit USB 3.0, 5GHz WIFI (Dual-Band WIFI) 2x WIFI speeds, Supports 256GB tf-card and 1TB HDD (64GB)","14.1"" Full HD Windows 10 Lapto",/14-1-Full-Windows-Laptop-Dual-Band/dp/B07R116V7D/ref=sr_1_21?keywords=macbook+pro+m1&qid=1641921616&sr=8-21,0,0,0,
"Lenovo Yoga Slim 7 14 Inch 4K UHD Laptop - (Intel Core i5, 8 GB RAM, 256 GB SSD, Windows 10) – Fabric, Slate Grey",Lenovo Yoga Slim 7 14 Inch 4K ,/Lenovo-Yoga-Slim-Inch-Laptop/dp/B08BJC3LNP/ref=sr_1_22?keywords=macbook+pro+m1&qid=1641921616&sr=8-22,749,999.99,132,25.09925099
Apple MacBook Pro Retina 13in MF839LL / A / Intel Core i5 2.7 GHz / RAM 8 GB / 250 GB ssd / Tastiera qwerty US (Renewed),Apple MacBook Pro Retina 13in ,/Apple-MacBook-MF839LL-Tastiera-Refurbished/dp/B07HKDRD1G/ref=sr_1_23?keywords=macbook+pro+m1&qid=1641921616&sr=8-23,498,498,31,0
"Apple MacBook Air 13"" (Late 2018) - Core i5 1.6GHz, 8GB RAM, 256GB SSD - Space Grey (Renewed)","Apple MacBook Air 13"" (Late 20",/MacBook-13-inch-Retina-display-dual-core/dp/B07RPC252K/ref=sr_1_24?keywords=macbook+pro+m1&qid=1641921616&sr=8-24,698,698,16,0
"Fusion5 14.1inch A90B+ Pro 64GB Windows 10 Laptop - 4GB RAM, 64GB Storage, Full HD IPS, Bluetooth, 2MP Webcam, Dual Band WIFI Laptop (64GB)",Fusion5 14.1inch A90B+ Pro 64G,/Fusion5-14-1inch-A90B-Windows-Laptop/dp/B08GSRRKSR/ref=sr_1_25?keywords=macbook+pro+m1&qid=1641921616&sr=8-25,0,0,0,
Apple MacBook Air 13in (Renewed),Apple MacBook Air 13in (Renewe,/Apple-MacBook-Air-Mid-2013/dp/B0751FSF5X/ref=sr_1_26?keywords=macbook+pro+m1&qid=1641921616&sr=8-26,239.95,275,19,12.74545455
"2020 Thin and light notebook,15.6 inch Laptop, IPS display, 64-bit quad-core celeron_j4115 processor, 8GB RAM, 256GB M.2 SSD,Chocolate keyboard, Windows 10","2020 Thin and light notebook,1",/notebook-computer-quad-core-processor-scalable/dp/B088BWTTN7/ref=sr_1_27?keywords=macbook+pro+m1&qid=1641921616&sr=8-27,328,328,39,0
"Apple MacBook Air 11"" (Mid 2013) - Core i5 1.3GHz, 4GB RAM, 128GB SSD (Renewed)","Apple MacBook Air 11"" (Mid 201",/Apple-MacBook-11-inch-Laptop-Graphics/dp/B07G1BTQ83/ref=sr_1_28?keywords=macbook+pro+m1&qid=1641921616&sr=8-28,283.99,283.99,12,0
"ASUS C434 Full HD 14 Inch Touchscreen ChromeBook (Intel M3-8100Y Processor, 128 GB eMMC, 4 GB RAM, 360 Degree Full HD Rotatable NanoEdge Touchscreen), Silver",ASUS C434 Full HD 14 Inch Touc,/ASUS-Touchscreen-ChromeBook-Processor-Rotatable/dp/B07Q49MF5K/ref=sr_1_29?keywords=macbook+pro+m1&qid=1641921616&sr=8-29,0,0,0,
"Early 2015 Apple MacBook Air with 1.6GHz Intel Core i5 (13 inch, 4GB RAM, 128GB SSD) Silver (Renewed)",Early 2015 Apple MacBook Air w,/Apple-MacBook-Air-Early-2015/dp/B07WDR3RYK/ref=sr_1_30?keywords=macbook+pro+m1&qid=1641921616&sr=8-30,419.99,419.99,6,0
"Apple MacBook Air 13"" (Scissor, 2020) - Core i5 1.1GHGz, 8GB RAM, 512GB SSD - Gold (Renewed)","Apple MacBook Air 13"" (Scissor",/Apple-MacBook-Air-Scissor-2020/dp/B08R24L1SJ/ref=sr_1_31?keywords=macbook+pro+m1&qid=1641921616&sr=8-31,0,0,12,
"Apple MacBook Pro 13” Retina Display Core i7 3Ghz, 8GB, 512GB Solid State Drive, OS 10.15 Catalina (Renewed)",Apple MacBook Pro 13” Retina D,/Apple-MacBook-Display-Catalina-Renewed/dp/B082BBVTPJ/ref=sr_1_32?keywords=macbook+pro+m1&qid=1641921616&sr=8-32,799.99,799.99,1,0
"ASUS VivoBook S 15 - S513EA Full HD 15.6"" Metal Laptop (Intel Quad Core i5-1135G7, 16GB RAM, 512GB SSD, Backlit Keyboard, Windows 10) Includes WiFi 6",ASUS VivoBook S 15 - S513EA Fu,/ASUS-VivoBook-15-i5-1135G7-Keyboard/dp/B08CKXSM6J/ref=sr_1_33?keywords=macbook+pro+m1&qid=1641921621&sr=8-33,649,699.99,252,7.284389777
"CHUWI CoreBook Pro 13 inch Laptop, 8GB RAM 256GB SSD Intel Core i3-6157U Processor Windows 10 Conputer, FHD 2160x1440 IPS Display, Support 4K Video Decoding, Dual-band WiFi 2.4G/5G, Fast Charge",CHUWI CoreBook Pro 13 inch Lap,/CHUWI-Intel-Processor-Frequency-2160x1440/dp/B08MVYC5PW/ref=sr_1_34?keywords=macbook+pro+m1&qid=1641921621&sr=8-34,449.99,449.99,35,0
"CHUWI Herobook Pro Windows 10 Laptop, 14 inch FHD(1920x1080) 16:9 IPS Notebook Laptops, Intel N4020(Up to 2.8GHz), 8GB RAM, 256GB SSD(TF 512GB), 4K Video, WiFi, BT4.0, Type-C, Mini-HDMI Computer",CHUWI Herobook Pro Windows 10 ,/CHUWI-HeroBook-Pro-Ultrabook-Decoding/dp/B083DQPPT3/ref=sr_1_35?keywords=macbook+pro+m1&qid=1641921621&sr=8-35,0,0,609,
"Microsoft Surface Laptop Go Ultra-Thin 12.4” Touchscreen Laptop (Platinum) - Intel 10th Gen Quad Core i5, 8GB RAM, 128GB SSD, Windows 10 Home in S Mode, 2020 Edition",Microsoft Surface Laptop Go Ul,/Microsoft-Surface-Ultra-Thin-Touchscreen-Platinum/dp/B08HJ2W4HX/ref=sr_1_36?keywords=macbook+pro+m1&qid=1641921621&sr=8-36,618,699,321,11.58798283
"CHUWI GemiBook Windows 10 Laptops, 13 Inch FHD (2160x1440) IPS Display, 8GB RAM+256GB SSD Ultra Thin Notebook ,4K Video, Intel Celeron J4125 Processor(Up to 2.7 GHZ), Fast Charge Office Laptops",CHUWI GemiBook Windows 10 Lapt,/CHUWI-GemiBook-2160x1440-Intel-Processor/dp/B08HQH9Y4H/ref=sr_1_37?keywords=macbook+pro+m1&qid=1641921621&sr=8-37,379,379,238,0
"Dell Latitude 7350 Laptop, 256GB SSD, 8GB RAM (Renewed) (Refurbished)","Dell Latitude 7350 Laptop, 256",/Dell-Latitude-Laptop-Renewed-Refurbished/dp/B08D6PKCFT/ref=sr_1_38?keywords=macbook+pro+m1&qid=1641921621&sr=8-38,339.99,339.99,115,0
"Apple MacBook Air 11in (Early 2014) - Core i5 1.4GHz, 4GB RAM, 128GB SSD (Renewed)",Apple MacBook Air 11in (Early ,/Apple-MacBook-11in-Early-2014/dp/B07J6TFG5N/ref=sr_1_39?keywords=macbook+pro+m1&qid=1641921621&sr=8-39,0,0,1,
"Lenovo IdeaPad 1i 11.6'' Laptop - Intel Celeron N4020 Processor, 4GB RAM, 64GB Storage, Windows 10S, Ice Blue + Office 365 Personal",Lenovo IdeaPad 1i 11.6'' Lapto,/Lenovo-IdeaPad-11-6-Laptop-Processor/dp/B08CNM39GJ/ref=sr_1_40?keywords=macbook+pro+m1&qid=1641921621&sr=8-40,182,199.99,398,8.995449772
"Lenovo ThinkPad T440s Core i5 4200U - 8 GB RAM - 256 GB SSD - 14"" 1600 x 900 ( HD+ ) - HD Graphics 4400 - Windows 10 Pro (Renewed)",Lenovo ThinkPad T440s Core i5 ,/Lenovo-ThinkPad-T440s-Core-4200U/dp/B09B7Y4YW6/ref=sr_1_41?keywords=macbook+pro+m1&qid=1641921621&sr=8-41,249.9,249.9,4,0
"Lenovo IdeaPad Duet Chromebook 10.1 Inch FHD 2-in-1 Laptop - (MediaTek P60T, 4 GB RAM, 64 GB eMCP, Chrome OS)",Lenovo IdeaPad Duet Chromebook,/Lenovo-IdeaPad-Duet-Chromebook-Laptop/dp/B08BLH2DHL/ref=sr_1_42?keywords=macbook+pro+m1&qid=1641921621&sr=8-42,0,0,352,
"11.6"" HD Windows 10 Professional Slim n Light Laptop - Windows 11 Compatible Intel N4020 128GB Storage, 4GB RAM, Anti-Glare, Dual-Band WiFi, USB 3.0 - Thin & Lightweight Design -C60Bv2 128GB N2 Model","11.6"" HD Windows 10 Profession",/11-6-Windows-Professional-Light-Laptop/dp/B09GYN3GNW/ref=sr_1_43?keywords=macbook+pro+m1&qid=1641921621&sr=8-43,0,0,5,
"iOTA Flo 360 11.6-inch Touchscreen Laptop (Intel Celeron Dual Core, 4GB RAM, 64GB eMMC, Windows 10S) Includes; Microsoft 365 Personal 1-year Subscription",iOTA Flo 360 11.6-inch Touchsc,/iOTA-11-6-inch-Touchscreen-Windows-Convertible/dp/B08M77QPBR/ref=sr_1_44?keywords=macbook+pro+m1&qid=1641921621&sr=8-44,0,0,430,
"Microsoft Surface Laptop 3 Ultra-Thin 13” Touchscreen Laptop (Platinum) - Intel 10th Gen Quad Core i5, 8GB RAM, 128GB SSD, Windows 10 Home, 2019 Edition",Microsoft Surface Laptop 3 Ult,/Microsoft-Surface-Ultra-Thin-Touchscreen-Platinum/dp/B07Y5H8WYW/ref=sr_1_45?keywords=macbook+pro+m1&qid=1641921621&sr=8-45,798,999,452,20.12012012
"HUAWEI MateBook D 14 Laptop, Full View 1080P FHD Ultrabook PC- (Intel Core i5-10210U, MX 250, Multi-screen Collaboration, 8 GB RAM, 512 GB SSD, Windows 10 Home，FREE Upgrade to Windows 11), Gray","HUAWEI MateBook D 14 Laptop, F",/HUAWEI-Ultrabook-Multi-screen-Collaboration-Fingerprint/dp/B091649MP4/ref=sr_1_46?keywords=macbook+pro+m1&qid=1641921621&sr=8-46,0,0,62,
"HUAWEI MateBook D15 2021 11th Gen Intel Core i5 Laptop - 15.6 inch, 1080P Eye Comfort FullView Ultrabook, Wi-Fi 6, 8GB memory, 512GB SSD, Windows 11, Space Grey",HUAWEI MateBook D15 2021 11th ,/HUAWEI-MateBook-2021-Intel-Laptop/dp/B09M8K4RYQ/ref=sr_1_47?keywords=macbook+pro+m1&qid=1641921621&sr=8-47,0,0,282,
"Apple MacBook Pro 15"" (Mid 2015) - Core i7 2.5GHz, 16GB RAM, 512GB SSD (Renewed)","Apple MacBook Pro 15"" (Mid 201",/Apple-MacBook-Display-Graphics-Refurbished/dp/B07F2H9QND/ref=sr_1_48?keywords=macbook+pro+m1&qid=1641921621&sr=8-48,809.99,809.99,36,0
"2021 15.6-inch Laptop 6G + 256G celeron J3455 high-Performance Quad-core CPU, 2PCS 4500mAh can Work continuously for 6-8 Hours, WiFi, HDMI, Bluetooth 4.0, Windows 10 (Silver 6G+256G)",2021 15.6-inch Laptop 6G + 256,/15-6-inch-high-Performance-Quad-core-continuously-Bluetooth/dp/B08HKXFBKJ/ref=sr_1_49?keywords=macbook+pro+m1&qid=1641921626&sr=8-49,348,348,14,0
"Apple MacBook Pro 15"" (2017) - i7 2.8GHz, 16GB, 256GB SSD - Space Grey (Renewed)","Apple MacBook Pro 15"" (2017) -",/Apple-MacBook-Pro-15-Renewed/dp/B07HM6FZ4S/ref=sr_1_50?keywords=macbook+pro+m1&qid=1641921626&sr=8-50,989,989,4,0
"CHUWI Coreboox Xpro15.6 Inch Gaming Laptops, Intel Core i5-8259U(Up to 3.8GHz), 8GB RAM+512GB SSD Windows 10 Laptop, FHD 1920x1080 IPS Dispaly, 2.4G/5G Dual Wifi, Backlit Keyboard, Mini-HDMI, BT5.1",CHUWI Coreboox Xpro15.6 Inch G,/CHUWI-2160x1440-Intel-Processor-Keyboard/dp/B08KZZ5FH2/ref=sr_1_51?keywords=macbook+pro+m1&qid=1641921626&sr=8-51,0,0,55,
"15.6 Zoll Laptop Notebook, FHD 1920 x 1080 with Intel M-5Y51 Windows 10 Pro 64 Bits, 8GB RAM 128GB SSD Supports Expand, WiFi, Bluetooth, Webcam, HDMI, Silver","15.6 Zoll Laptop Notebook, FHD",/Laptop-Notebook-Windows-Supports-Bluetooth/dp/B094J2YX4M/ref=sr_1_52?keywords=macbook+pro+m1&qid=1641921626&sr=8-52,198,238,1,16.80672269
"Apple MacBook Air 13"" (2020) - M1 8-Core 3.2GHz, 8GB RAM, 256GB SSD - Space Grey (Renewed)","Apple MacBook Air 13"" (2020) -",/Apple-MacBook-Air-13-Renewed/dp/B08R2W66QC/ref=sr_1_53?keywords=macbook+pro+m1&qid=1641921626&sr=8-53,850,850,2,0
"15.6 Zoll Laptop Notebook, 1920 x 1080 IPS Screen, Intel Core M-5Y51 CPU, 8GB RAM 128GB SSD, Windows 10, USB 3.0, Multiple Interfaces","15.6 Zoll Laptop Notebook, 192",/Laptop-Notebook-Windows-Multiple-Interfaces/dp/B094N8GLZX/ref=sr_1_54?keywords=macbook+pro+m1&qid=1641921626&sr=8-54,218,238,0,8.403361345
"Dell Inspiron 3000 15.6 inch FHD Laptop, AMD Ryzen 5 3500U, 8GB RAM, 256GB SSD, Windows 10 Home (Black)",Dell Inspiron 3000 15.6 inch F,/Dell-Inspiron-15-6-inch-Backlight-Processor/dp/B08NQ1VX6Z/ref=sr_1_55?keywords=macbook+pro+m1&qid=1641921626&sr=8-55,479,499,383,4.008016032
"Acer Chromebook 314 CB314-H - (Intel Celeron N4000, 4GB RAM, 32GB eMMC, 14 inch HD display, Chrome OS, Silver)",Acer Chromebook 314 CB314-H - ,/Acer-Chromebook-314-CB314-H-Celeron/dp/B082R8SVJZ/ref=sr_1_56?keywords=macbook+pro+m1&qid=1641921626&sr=8-56,208.06,229.99,282,9.535197182
"Acer Swift 3 SF313-53 13.5 inch Laptop - (Intel Core i5-1135G7, 8GB, 512GB SSD, QHD 3:2 Display, Windows 10, Silver)",Acer Swift 3 SF313-53 13.5 inc,/Acer-Swift-SF313-53-13-5-Laptop/dp/B08NCKYDSR/ref=sr_1_57?keywords=macbook+pro+m1&qid=1641921626&sr=8-57,739.9,799.99,13,7.511343892
"2020 Apple Mac mini with Apple M1 Chip (8GB RAM, 512GB SSD)",2020 Apple Mac mini with Apple,/Apple-mini-Chip-512GB-November/dp/B08N5Q8XPF/ref=sr_1_58?keywords=macbook+pro+m1&qid=1641921626&sr=8-58,838.97,899,813,6.677419355
"Lenovo IdeaPad 3 Chromebook 14inch FHD Laptop (MediaTek MT8183, 4 GB RAM, 64GB eMMC, ARM Mali-G72 MP3 Graphics, Chrome OS) – Abyss Blue",Lenovo IdeaPad 3 Chromebook 14,/Lenovo-Chromebook-MediaTek-Mali-G72-Graphics/dp/B096G1KFLS/ref=sr_1_59?keywords=macbook+pro+m1&qid=1641921626&sr=8-59,197.99,249.99,5,20.80083203
"HUAWEI MateBook 13 2020 - 13 Inch Laptop with 2K FullView Screen Ultrabook PC (AMD Ryzen 7 3700U, 16GB RAM, 512GB SSD, Windows 10 Home, Multi-screen Collaboration, Fingerprint Reader), Grey",HUAWEI MateBook 13 2020 - 13 I,/HUAWEI-MateBook-2020-Multi-screen-Collaboration/dp/B094JLJ9LQ/ref=sr_1_60?keywords=macbook+pro+m1&qid=1641921626&sr=8-60,0,0,290,
"CHUWI AeroBook Pro 13.3-inch FHD (1920x1080) IPS Display, Intel Core M3-8100Y Processor, 8GB Memory, 256GB SSD, Windows 10 Home, HD Display, BT, Backlit Keyboard, Dual WiFi, 2 x USB 3.0",CHUWI AeroBook Pro 13.3-inch F,/CHUWI-13-3-inch-1920x1080-Intel-Processor/dp/B08SQBR5PF/ref=sr_1_61?keywords=macbook+pro+m1&qid=1641921626&sr=8-61,0,0,8,
"ASUS ZenBook 14 UM425 Full HD 14” Ultrabook Laptop (AMD Ryzen 5-4500U, 8GB RAM, 512GB SSD, Backlit Keyboard, Windows 10) Includes LED Number Trackpad",ASUS ZenBook 14 UM425 Full HD ,/ASUS-ZenBook-Ultrabook-Keyboard-Trackpad/dp/B0953XHQM1/ref=sr_1_62?keywords=macbook+pro+m1&qid=1641921626&sr=8-62,799,799,28,0
13-inch M1 Mac Book Air Space Grey 8-Core 16GB 1TB SSD Deecies Limited Laptop Air,13-inch M1 Mac Book Air Space ,/13-inch-8-Core-Deecies-Limited-Laptop/dp/B08ZM42P9X/ref=sr_1_63?keywords=macbook+pro+m1&qid=1641921626&sr=8-63,0,0,4,
"2020 Apple MacBook Pro with Intel Core i5 (13 inch, 8GB RAM, 512 GB SSD) Space Grey (Renewed)",2020 Apple MacBook Pro with In,/Apple-MacBook-Touch-Intel-512GB/dp/B08N9ZR7JV/ref=sr_1_64?keywords=macbook+pro+m1&qid=1641921626&sr=8-64,919.99,919.99,11,0
"Acer Aspire 5 A515-55 15.6 inch Laptop - (Intel Core i5-1035G1, 8GB RAM, 512GB SSD, Full HD Display, Windows 10, Silver) - Amazon Exclusive",Acer Aspire 5 A515-55 15.6 inc,/Acer-Aspire-A515-55-15-6-Laptop/dp/B089BJZ8T4/ref=sr_1_65?keywords=macbook+pro+m1&qid=1641921630&sr=8-65,649.99,649.99,449,0
"HUAWEI MateBook 14 - 14 Inch Laptop with 2K FullView Display, AMD Ryzen 5 4600H Ultrabook, 8 GB RAM, 256 GB PCIe SSD, Windows 10 Home, Huawei Share, Fingerprint Unlock, Space Grey",HUAWEI MateBook 14 - 14 Inch L,/HUAWEI-MateBook-2020-Ultrabook-Fingerprint/dp/B08HR4H9FM/ref=sr_1_66?keywords=macbook+pro+m1&qid=1641921630&sr=8-66,0,0,108,
"Apple Macbook Pro 13"" (Touch/Mid 2017) - Core i5 3.1 GHz, 8 GB RAM, 512 GB SSD - Space Grey (Renewed)","Apple Macbook Pro 13"" (Touch/M",/Apple-13-Inch-Macbook-Retina-Space/dp/B07HHFLJMR/ref=sr_1_67?keywords=macbook+pro+m1&qid=1641921630&sr=8-67,830,830,0,0
"LG gram 17Z90P Silver, Ultra-Lightweight 1,350g, 17-inch Laptop, Long Lasting Battery up to 19.5 hours, Intel Core i5-11th Gen, 8 GB, SSD 512 GB","LG gram 17Z90P Silver, Ultra-L",/LG-gram-17Z90P-Ultra-Lightweight-Thunderbolt/dp/B08S3TNVKC/ref=sr_1_68?keywords=macbook+pro+m1&qid=1641921630&sr=8-68,999,999,158,0
"Dell XPS 15 9510 15.6 Inch FHD+ (1920 x 1200) Laptop, Intel Core i7-11800H, NVIDIA GeForce RTX 3050Ti 4GB GDDR6, InfinityEdge Non-Touch 500-Nit Display, 16GB RAM, 512GB SSD, Win 11 Home",Dell XPS 15 9510 15.6 Inch FHD,/Dell-XPS-15-9510-InfinityEdge/dp/B09HDK7Q27/ref=sr_1_69?keywords=macbook+pro+m1&qid=1641921630&sr=8-69,0,0,26,
"HUAWEI MateBook 14 2021 Laptop, 14 inches 2K FullView Display,Intel® Core™ i7-1165G7 processor, 16 RAM, 512 GB SSD, Large 56 Wh battery, Fingerprint, Windows 10 Home-FREE Upgrade to Windows 11, Gray",HUAWEI MateBook 14 2021 Laptop,/HUAWEI-i7-1165G7-processor-Fingerprint-Home-FREE/dp/B09GKMBXTQ/ref=sr_1_70?keywords=macbook+pro+m1&qid=1641921630&sr=8-70,0,0,10,
"Dell XPS 17 9710 17"" UHD+ Laptop, Intel Core i9-11900H, 32GB RAM, 1TB SSD, NVIDIA GeForce RTX 3060 6GB, Touchscreen, Backlit Keyboard, Fingerprint Reader, Windows 11 Home, (Platinum Silver)","Dell XPS 17 9710 17"" UHD+ Lapt",/Dell-XPS-9710-Touchscreen-Fingerprint/dp/B09HCW64WR/ref=sr_1_71?keywords=macbook+pro+m1&qid=1641921630&sr=8-71,0,0,22,
Samsung Galaxy Book S 13.3 Inch 8 GB Intel i5 Laptop - Mercury Grey (UK Version),Samsung Galaxy Book S 13.3 Inc,/Samsung-Galaxy-Book-Intel-Laptop/dp/B088KM5HFC/ref=sr_1_72?keywords=macbook+pro+m1&qid=1641921630&sr=8-72,999,999,140,0
"Dell Inspiron 7306 13.3 inch FHD 2-in-1 Laptop, Intel Evo Core i5-1135G7, 8GB RAM, 512GB SSD, Touchscreen, Active Pen and Charging Dock, Windows 10 Home (Black)",Dell Inspiron 7306 13.3 inch F,/Dell-Inspiron-i5-1135G7-Charging-Fingerprint/dp/B08KWFHWSH/ref=sr_1_73?keywords=macbook+pro+m1&qid=1641921630&sr=8-73,0,0,18,
Blade 15 Base Model (O1NT/15.6/FHD-120HZ/i7/16GB RAM/GTX 1660 Ti/256GB SSD),Blade 15 Base Model (O1NT/15.6,/Razer-Blade-15-2020-Lighting/dp/B08LW575X9/ref=sr_1_74?keywords=macbook+pro+m1&qid=1641921630&sr=8-74,0,0,622,
"Microsoft Surface Laptop 4 Super-Thin 13.5 Inch Touchscreen Laptop (Platinum) – 6x Cores AMD Ryzen 5 with Radeon Graphics (Microsoft Surface Edition) 8 GB RAM, 256 GB SSD, Windows 10 Home, 2021 Model",Microsoft Surface Laptop 4 Sup,/Microsoft-Surface-Super-Thin-Touchscreen-Platinum/dp/B08VJMXKYK/ref=sr_1_75?keywords=macbook+pro+m1&qid=1641921630&sr=8-75,879,999,43,12.01201201
"Dell XPS 13 7390 13.3 Inch 4K UHD Laptop, Intel Core i7-10510U (10th Gen), 16 GB RAM, 512 GB SSD, InfinityEdge Touch Display, Fingerprint Reader, Win 10 Home (Silver)",Dell XPS 13 7390 13.3 Inch 4K ,/Dell-XPS-7390-InfinityEdge-Fingerprint/dp/B089DNDG6Q/ref=sr_1_76?keywords=macbook+pro+m1&qid=1641921630&sr=8-76,0,0,53,
"ASUS ZenBook 14 UX425EA Full HD 400nits Full HD Laptop (Intel i7-1165G7, 16 GB RAM, 512 GB SSD, Backlit Keyboard, WiFi 6, Windows 10)",ASUS ZenBook 14 UX425EA Full H,/ASUS-ZenBook-UX425EA-i7-1165G7-Keyboard/dp/B096MPHB92/ref=sr_1_77?keywords=macbook+pro+m1&qid=1641921630&sr=8-77,0,0,89,
"Dell XPS 15 7590 15.6 inch 4K UHD Touchscreen, Intel Core i7-9750H, InfinityEdge IPS 2019 Laptop (Silver) 16 GB RAM, 512 GB SSD, Nvidia GeForce GTX 1650 with 4GB GDDR5, FINGERPRINT READER, W10 Home",Dell XPS 15 7590 15.6 inch 4K ,/Dell-Touchscreen-InfinityEdge-i7-9750H-FINGERPRINT/dp/B07Z6NHCHR/ref=sr_1_78?keywords=macbook+pro+m1&qid=1641921630&sr=8-78,0,0,20,
"Dell XPS 13 9305 13.3 inch FHD Laptop, Intel Evo Core i5-1135G7, 8GB RAM, 256GB SSD, Backlit Keyboard, Fingerprint Reader, Windows 11 Home, (Platinum Silver)",Dell XPS 13 9305 13.3 inch FHD,/Dell-XPS-13-9305-Fingerprint/dp/B09HDC4LVD/ref=sr_1_79?keywords=macbook+pro+m1&qid=1641921630&sr=8-79,0,0,11,
